titulo,url,dia,mes,ano
Batalha de Rap Macapá terá duelos de rima e venda de comidas típicas no Mercado Central,https://g1.globo.com/ap/amapa/noticia/2023/05/05/batalha-de-rap-macapa-tera-duelos-de-rima-e-venda-de-comidas-tipicas-no-mercado-central.ghtml,5,5,2023
‘Maio Amarelo’ tem ações em escolas e ruas para prevenir acidentes no trânsito no AP,https://g1.globo.com/ap/amapa/noticia/2023/05/03/maio-amarelo-tem-acoes-em-escolas-e-passeio-ciclistico-para-alertar-pedestres-e-motoristas-no-ap.ghtml,3,5,2023
Crianças autistas participam de sessão de terapia com cães do Bope em Macapá,https://g1.globo.com/ap/amapa/noticia/2023/04/28/criancas-autistas-participam-de-sessao-de-cinoterapia-com-caes-do-bope-em-macapa.ghtml,28,4,2023
Acusado do assassinato de duas crianças em Viçosa do Ceará é condenado a 50 anos de prisão,https://g1.globo.com/ce/ceara/noticia/2021/10/20/homem-e-condenado-a-50-anos-de-prisao-por-assassinato-de-duas-criancas-em-vicosa-do-ceara.ghtml,20,10,2021
Justiça determina o afastamento de Sydnei Pereira da Prefeitura de Anajatuba,https://g1.globo.com/ma/maranhao/noticia/2020/12/04/justica-determina-o-afastamento-de-sydnei-pereira-da-prefeitura-de-anajatuba-no-maranhao.ghtml,4,12,2020
Grupo empresarial deve pagar quase R$ 21 milhões por desvio de recursos da Cidade das Águas em Frutal,https://g1.globo.com/mg/triangulo-mineiro/noticia/2020/02/14/grupo-empresarial-deve-pagar-quase-r-21-milhoes-por-desvio-de-recursos-da-cidade-das-aguas-em-frutal.ghtml,14,2,2020
"Carlinhos Maia apresenta show de humor 'Mas, Carlos!' pela primeira vez no AP",https://g1.globo.com/ap/amapa/noticia/2018/08/18/carlinhos-maia-apresenta-show-de-humor-mas-carlos-pela-primeira-vez-no-ap.ghtml,18,8,2018
Michele Maycoth interpreta sucessos de Maria Gadú em noite romântica no AP,https://g1.globo.com/ap/amapa/noticia/2018/08/17/michele-maycoth-interpreta-sucessos-de-maria-gadu-em-noite-romantica-no-ap.ghtml,17,8,2018
Show de humor em Macapá leva histórias de ribeirinhos da Amazônia para o teatro,https://g1.globo.com/ap/amapa/noticia/2018/07/29/show-de-humor-em-macapa-leva-historias-de-ribeirinhos-da-amazonia-para-o-teatro.ghtml,29,7,2018
"Sem dinheiro, venezuelanos acampam às margens de rodovia na fronteira do Brasil: 'aqui pelo menos temos comida'",https://g1.globo.com/rr/roraima/noticia/2018/07/26/sem-dinheiro-venezuelanos-acampam-as-margens-de-rodovia-na-fronteira-do-brasil-aqui-pelo-menos-temos-comida.ghtml,26,7,2018
"Com surto na região Norte, campanha contra o sarampo no AP começa em agosto",https://g1.globo.com/ap/amapa/noticia/2018/07/23/com-surto-na-regiao-norte-campanha-contra-o-sarampo-no-ap-comeca-em-agosto.ghtml,23,7,2018
Polícia Civil de Juiz de Fora recebe denúncia de mais uma empresa que teve contêineres desviados,https://g1.globo.com/mg/zona-da-mata/noticia/2018/07/23/policia-civil-de-juiz-de-fora-recebe-denuncia-de-mais-uma-empresa-que-teve-conteineres-desviados.ghtml,23,7,2018
Comissariado do AP fiscaliza embarque de menores para o Festival do Camarão no PA,https://g1.globo.com/ap/amapa/noticia/2018/07/23/comissariado-do-ap-fiscaliza-embarque-de-menores-para-o-festival-do-camarao-no-pa.ghtml,23,7,2018
Ceará tem 66 municípios com emergência reconhecida pelo Governo Federal,https://g1.globo.com/ce/ceara/noticia/2018/07/23/ceara-tem-66-municipios-com-emergencia-reconhecida-pelo-governo-federal.ghtml,23,7,2018
Laudo aponta praias impróprias para banho durante as férias em São Luís,https://g1.globo.com/ma/maranhao/noticia/2018/07/23/laudo-aponta-praias-improprias-para-banho-durante-as-ferias-em-sao-luis.ghtml,23,7,2018
Municípios de Rondônia se preparam para extinguir lixões a céu aberto,https://g1.globo.com/ro/ji-parana-regiao-central/noticia/2018/07/23/municipios-de-rondonia-se-preparam-para-extingir-lixoes-a-ceu-aberto.ghtml,23,7,2018
Ingressos para Campanha de Popularização Teatro e Dança de Juiz de Fora começam a ser vendidos,https://g1.globo.com/mg/zona-da-mata/noticia/2018/07/23/ingressos-para-campanha-de-popularizacao-teatro-e-danca-de-juiz-de-fora-comecam-a-ser-vendidos.ghtml,23,7,2018
MPCE apura se há irregularidade em festa com concurso de 'saia mais curta',https://g1.globo.com/ce/ceara/noticia/2018/07/23/mpce-apura-se-ha-irregularidade-em-festa-com-concurso-de-saia-mais-curta.ghtml,23,7,2018
"Um ano após anúncio, videomonitoramento no Parque do Sabiá em Uberlândia segue sem conclusão",https://g1.globo.com/mg/triangulo-mineiro/noticia/2018/07/23/um-ano-apos-anuncio-videomonitoramento-no-parque-do-sabia-em-uberlandia-ainda-nao-e-concluido.ghtml,23,7,2018
Mulher presa com droga na vagina em Macapá é solta após audiência de custódia,https://g1.globo.com/ap/amapa/noticia/2018/07/23/mulher-presa-com-droga-na-vagina-em-macapa-e-solta-apos-audiencia-de-custodia.ghtml,23,7,2018
Guinness Book registra maior orquestra de viola do mundo durante evento em Uberlândia,https://g1.globo.com/mg/triangulo-mineiro/noticia/2018/07/23/guinness-book-registra-maior-orquestra-de-viola-do-mundo-durante-evento-em-uberlandia.ghtml,23,7,2018
"'Filme de terror', diz policial que resgatou animais abandonados em casa no Ceará",https://g1.globo.com/ce/ceara/noticia/2018/07/23/filme-de-terror-diz-policial-que-resgatou-animais-abandonados-em-casa-no-ceara.ghtml,23,7,2018
Céu nublado marca início da semana em cidades da Zona da Mata e Campo das Vertentes,https://g1.globo.com/mg/zona-da-mata/noticia/2018/07/23/ceu-nublado-marca-inicio-da-semana-em-cidades-da-zona-da-mata-e-campo-das-vertentes.ghtml,23,7,2018
Prefeitos da região Centro-Oeste de MG se reúnem em Divinópolis para debater atraso no pagamento do Fundeb,https://g1.globo.com/mg/centro-oeste/noticia/2018/07/23/prefeitos-da-regiao-centro-oeste-de-mg-se-reunem-em-divinopolis-para-debater-atraso-no-pagamento-do-fundeb.ghtml,23,7,2018
"Quase dois anos após matar grávida e roubar bebê em Ituiutaba, quatro acusados aguardam julgamento",https://g1.globo.com/mg/triangulo-mineiro/noticia/2018/07/23/quase-dois-anos-apos-matar-gravida-e-roubar-bebe-em-ituiutaba-quatro-acusados-aguardam-julgamento.ghtml,23,7,2018
Homem é preso pela Polícia Civil por suspeita de envolvimento com roubos em Muriaé e região,https://g1.globo.com/mg/zona-da-mata/noticia/2018/07/23/homem-e-preso-pela-policia-civil-por-suspeita-de-envolvimento-com-roubos-em-muriae-e-regiao.ghtml,23,7,2018
10 mil pessoas foram indenizadas por invalidez após acidente de trânsito em 2018 no Ceará,https://g1.globo.com/ce/ceara/noticia/2018/07/23/10-mil-pessoas-foram-indenizadas-por-invalidez-apos-acidente-de-transito-em-2018-no-ceara.ghtml,23,7,2018
"Após agressão e briga, jovem é baleado e morre em Tiros",https://g1.globo.com/mg/triangulo-mineiro/noticia/2018/07/23/apos-agressao-e-briga-jovem-e-baleado-e-morre-em-tiros.ghtml,23,7,2018
Polícia procura dupla que fez duas mulheres reféns durante roubo de veículo em Sacramento,https://g1.globo.com/mg/triangulo-mineiro/noticia/2018/07/23/policia-procura-dupla-que-fez-duas-mulheres-refens-durante-roubo-de-veiculo-em-sacramento.ghtml,23,7,2018
PRE recomenda que igrejas não promovam propaganda eleitoral,https://g1.globo.com/ma/maranhao/noticia/2018/07/23/pre-recomenda-que-igrejas-nao-promovam-propaganda-eleitoral-no-maranhao.ghtml,23,7,2018
Motorista de veículo escolar embriagado causa acidente com ônibus em Uberlândia,https://g1.globo.com/mg/triangulo-mineiro/noticia/2018/07/23/motorista-de-veiculo-escolar-embriagado-causa-acidente-com-onibus-em-uberlandia.ghtml,23,7,2018
Polícia invade festa de facção criminosa no Ceará e prende seis,https://g1.globo.com/ce/ceara/noticia/2018/07/23/homens-sao-presos-com-armas-e-drogas-em-festa-de-faccao-criminosa-na-grande-fortaleza.ghtml,23,7,2018
Adolescente morre afogado no Rio Preguiças em Barreirinhas,https://g1.globo.com/ma/maranhao/noticia/2018/07/23/adolescente-morre-afogado-em-rio-no-maranhao.ghtml,23,7,2018
Acidente deixa mortos e feridos na BR-262 próximo a Nova Serrana; policiais estão entre as vítimas,https://g1.globo.com/mg/centro-oeste/noticia/2018/07/23/acidente-deixa-mortos-e-feridos-na-br-262-proximo-a-nova-serrana-policiais-estao-entre-as-vitimas.ghtml,23,7,2018
Filme gravado no interior com atores locais é inspirado em casos de violência doméstica,https://g1.globo.com/ap/amapa/noticia/2018/07/23/filme-gravado-no-interior-com-atores-locais-e-inspirado-em-casos-de-violencia-domestica.ghtml,23,7,2018
Três mil bombeiros militares passaram por atendimento psicológico em 2017 no AP,https://g1.globo.com/ap/amapa/noticia/2018/07/23/tres-mil-bombeiros-militares-passaram-por-atendimento-psicologico-em-2017-no-ap.ghtml,23,7,2018
"Você viu? Ex-juiz é preso, UFMA é condenada por erro médico e outras notícias do G1 MA",https://g1.globo.com/ma/maranhao/noticia/2018/07/22/voce-viu-ex-juiz-e-preso-ufma-e-condenada-por-erro-medico-e-outras-noticias-do-g1-ma.ghtml,22,7,2018
"Confira as imagens da noite de abertura da 35ª Expoari, em RO",https://g1.globo.com/ro/ariquemes-e-vale-do-jamari/noticia/2018/07/22/confira-as-imagens-da-noite-de-abertura-da-35a-expoari-em-ro.ghtml,22,7,2018
Unidade católica de apoio a dependentes químicos e viciados é inaugurada no AP,https://g1.globo.com/ap/amapa/noticia/2018/07/22/unidade-catolica-de-apoio-a-dependentes-quimicos-e-viciados-e-inaugurada-no-ap.ghtml,22,7,2018
Parque do Pau Furado ainda tem reflexos do incêndio que devastou parte da reserva em Uberlândia,https://g1.globo.com/mg/triangulo-mineiro/noticia/2018/07/22/parque-do-pau-furado-ainda-tem-reflexos-do-incendio-que-devastou-parte-da-reserva-em-uberlandia.ghtml,22,7,2018
Animais são resgatados em situação de maus-tratos e desnutrição em Fortaleza,https://g1.globo.com/ce/ceara/noticia/2018/07/22/dezessete-animais-sao-resgatados-em-situacao-de-maus-tratos-e-subnutricao-em-fortaleza.ghtml,22,7,2018
Lagoa dos Índios vira alternativa turística na área urbana de Macapá durante o verão,https://g1.globo.com/ap/amapa/noticia/2018/07/22/lagoa-dos-indios-vira-alternativa-turistica-na-area-urbana-de-macapa-durante-o-verao.ghtml,22,7,2018
Perícia feita no Inep indica fragilidades no processo de pontuação das medidas de provas do Enem 2016,https://g1.globo.com/mg/triangulo-mineiro/noticia/2018/07/22/pericia-feita-no-inep-indica-fragilidades-no-processo-de-pontuacao-das-medidas-de-provas-do-enem-2016.ghtml,22,7,2018
"Trânsito é alterado na Avenida Nelson Freire, em Uberaba, para implantação de BRT/Vetor",https://g1.globo.com/mg/triangulo-mineiro/noticia/2018/07/22/transito-e-alterado-na-avenida-nelson-freire-em-uberaba-para-implantacao-de-brtvetor.ghtml,22,7,2018
"Museu de Arte Murilo Mendes, em Juiz de Fora, celebra certificação do Ibram",https://g1.globo.com/mg/zona-da-mata/noticia/2018/07/22/museu-de-arte-murilo-mendes-em-juiz-de-fora-celebra-certificacao-do-ibram.ghtml,22,7,2018
"Feira Multisetorial é atração na 35ª Expoari em Ariquemes, RO",https://g1.globo.com/ro/ariquemes-e-vale-do-jamari/noticia/2018/07/22/feira-multisetorial-e-atracao-na-35a-expoari-em-ariquemes-ro.ghtml,22,7,2018
Centro de Atenção Psicossocial em Patos de Minas será reformado e ampliado,https://g1.globo.com/mg/triangulo-mineiro/noticia/2018/07/22/centro-de-atencao-psicossocial-em-patos-de-minas-sera-reformado-e-ampliado.ghtml,22,7,2018
"Concursos no Ceará têm 2.872 vagas e salários de até R$ R$ 9,6 mil",https://g1.globo.com/ce/ceara/noticia/2018/07/22/concursos-e-selecoes-aberto-no-ceara-tem-2872-vagas-e-salarios-de-ate-r-r-96-mil.ghtml,22,7,2018
Preso do regime aberto que atuava como mototaxista clandestino é morto a tiros,https://g1.globo.com/ap/amapa/noticia/2018/07/22/preso-do-regime-aberto-que-atuava-como-mototaxista-clandestino-e-morto-a-tiros.ghtml,22,7,2018
Internos decapitam e esquartejam adolescente no Centro Socioeducativo de Roraima,https://g1.globo.com/rr/roraima/noticia/2018/07/22/internos-decapitam-e-esquartejam-adolescente-no-centro-socioeducativo-de-roraima.ghtml,22,7,2018
Quadra poliesportiva de escola pública do AP destelhada por ventanias deve ser reformada,https://g1.globo.com/ap/amapa/noticia/2018/07/22/quadra-poliesportiva-de-escola-publica-do-ap-destelhada-por-ventanias-deve-ser-reformada.ghtml,22,7,2018
Festival do Camarão aumenta procura de passagens no AP com destino ao Afuá,https://g1.globo.com/ap/amapa/noticia/2018/07/21/festival-do-camarao-aumenta-procura-de-passagens-no-ap-com-destino-ao-afua.ghtml,21,7,2018
